A1,
AZ30,__,AZ31,__,__,__,__,__,__,__
__,__,__,__,AZ8,__,AZ9,__,AZ10,__
AZ11,__,__,__,AZ13,__,AZ14,__,__,__
AZ16,__,__,__,__,__,AZ19,__,__,__
__,__,AZ22,__,__,__,__,__,__,__
__,__,__,__,__,__,__,__,__,__
__,__,__,__,__,__,__,__,__,__
__,__,__,__,__,__,__,__,__,__
__,__,__,__,__,__,__,__,__,__
__,__,__,__,__,__,__,__,__,__


A2,
__,__,__,__,__,__,__,__,__,__
__,__,__,__,__,__,__,__,__,__
__,__,__,__,__,__,__,__,__,__
__,__,__,__,__,__,__,__,__,__
__,__,__,__,__,__,__,__,__,__
__,__,__,__,__,__,__,__,__,__
__,__,__,__,__,__,__,__,__,__
__,__,__,__,__,__,__,__,__,__
AZ37,AZ37,__,__,__,AZ38,__,__,__,__
AZ39,AZ39,AZ39,AZ39,__,__,__,__,__,__


A3,
__,__,__,__,__,__,__,__,__,__
AZ43,__,__,__,__,__,__,__,__,__
AZ45,AZ45,__,__,__,AZ46,AZ46,AZ46,__,__
__,__,__,__,__,AZ48,__,__,__,__
AZ49,AZ49,__,__,__,__,__,__,__,__
AZ51,AZ51,AZ51,AZ51,__,__,__,__,__,__
__,__,__,__,__,__,__,__,__,__
AZ55,AZ55,__,__,__,AZ56,AZ56,__,__,__
AZ57,__,__,__,__,AZ58,AZ58,AZ58,AZ58,AZ58
__,__,__,__,__,AZ60,__,__,__,__


A4,
AZ61,AZ61,AZ61,__,__,AZ62,AZ62,AZ62,AZ62,AZ62
__,__,__,__,__,__,__,__,__,__
AZ65,AZ65,AZ65,AZ65,AZ65,__,__,__,__,__
__,__,__,__,__,__,__,__,__,__
__,__,__,__,__,__,__,__,__,__
__,__,__,__,__,__,__,__,__,__
__,__,__,__,__,AZ74,AZ74,AZ74,__,__
__,__,__,__,__,__,__,__,__,__
__,__,__,__,__,__,__,__,__,__
__,__,__,__,__,__,__,__,__,__


A5,
__,__,__,__,__,AZ82,AZ82,AZ82,AZ82,AZ82
__,__,__,__,__,__,__,__,__,__
__,__,__,__,__,AZ86,__,__,__,__
__,__,__,__,__,AZ88,AZ88,AZ88,AZ88,AZ88
__,__,__,__,__,AZ90,__,__,__,__
__,__,__,__,__,__,__,__,__,__
AZ93,AZ93,__,__,__,__,__,__,__,__
AZ95,AZ95,AZ95,AZ95,__,__,__,__,__,__
AZ97,AZ97,__,__,__,__,__,__,__,__
__,__,__,__,__,__,__,__,__,__


A6,
__,__,__,__,__,__,__,__,__,__
__,__,__,__,__,__,__,__,__,__
__,__,__,__,__,AZ106,AZ106,__,__,__
AZ107,AZ107,__,__,__,__,__,__,__,__
AZ109,__,__,__,__,__,__,__,__,__
__,__,__,__,__,__,__,__,__,__
AZ113,AZ113,AZ113,AZ113,AZ113,__,__,__,__,__
AZ115,AZ115,AZ115,__,__,__,__,__,__,__
__,__,__,__,__,__,__,__,__,__
AZ119,AZ119,AZ119,AZ119,__,__,AZ120,__,__,__


A7,
__,__,__,__,__,AZ122,AZ122,__,__,__
AZ123,AZ123,__,__,__,__,__,__,__,__
AZ125,AZ125,__,__,__,AZ126,AZ126,__,__,__
AZ127,AZ127,__,__,__,AZ128,AZ128,__,__,__
AZ129,AZ129,__,__,__,AZ130,AZ130,__,__,__
AZ131,AZ131,__,__,__,AZ132,AZ132,__,__,__
__,__,__,__,__,AZ134,AZ134,__,__,__
AZ135,__,__,__,__,AZ136,AZ136,__,__,__
AZ137,AZ137,__,__,__,__,__,__,__,__
AZ139,AZ139,AZ139,AZ139,AZ139,AZ140,AZ140,AZ140,__,__


A8,
AZ141,__,__,__,__,__,__,__,__,__
AZ143,AZ143,__,__,__,AZ144,AZ144,AZ144,__,__
__,__,__,__,__,AZ146,AZ146,AZ146,__,__
AZ147,AZ147,__,__,__,AZ148,AZ148,AZ148,AZ148,__
AZ149,AZ149,AZ149,AZ149,__,__,__,__,__,__
__,__,__,__,__,__,__,__,__,__
__,__,__,__,__,AZ154,AZ154,AZ154,AZ154,__
AZ155,AZ155,AZ155,AZ155,AZ155,__,__,__,__,__
__,__,__,__,__,AZ158,AZ158,__,__,__
AZ159,AZ159,AZ159,AZ159,__,AZ160,AZ160,__,__,__


A9,
__,__,__,__,__,AZ162,AZ162,__,__,__
AZ163,AZ163,__,__,__,__,AZ164,__,__,__
AZ165,AZ165,__,__,__,AZ166,AZ166,__,__,__
AZ167,AZ167,__,__,__,AZ168,AZ168,AZ168,__,__
AZ169,AZ169,AZ169,AZ169,AZ169,AZ170,AZ170,__,__,__
AZ171,__,__,__,__,__,AZ172,__,__,__
AZ173,__,__,__,__,AZ174,__,__,__,__
AZ175,AZ175,AZ175,__,__,AZ176,AZ176,__,__,__
AZ177,AZ177,__,__,__,AZ178,AZ178,__,__,__
AZ179,AZ179,__,__,__,__,__,__,__,__


B1,
__,__,__,__,__,__,__,__,__,__
__,__,__,__,__,__,__,__,__,__
__,__,__,__,__,__,__,__,__,__
__,__,__,__,__,__,__,__,__,__
__,__,__,__,__,__,__,__,__,__
__,__,__,__,__,__,__,__,__,__
__,__,__,__,__,__,AZ34,AZ34,__,__
__,__,AZ37,AZ37,AZ38,__,AZ39,__,__,__
__,__,__,__,AZ43,AZ43,__,__,AZ45,AZ45
AZ46,AZ46,__,__,AZ48,AZ48,AZ49,AZ49,__,__


B2,
AZ51,AZ51,__,__,AZ53,AZ53,AZ54,__,AZ55,AZ55
AZ56,__,AZ57,AZ57,AZ58,AZ58,__,__,AZ60,AZ60
AZ61,AZ61,AZ62,AZ62,AZ63,AZ63,__,__,AZ65,AZ65
__,__,__,__,__,__,__,__,__,__
__,__,__,__,__,__,AZ74,AZ74,__,__
__,__,__,__,__,__,__,__,__,__
__,__,AZ82,AZ82,__,__,__,__,__,__
AZ86,__,__,__,AZ88,AZ88,__,__,AZ90,__
__,__,__,__,AZ93,__,__,__,AZ95,AZ95
__,__,AZ97,__,__,__,__,__,__,__


B3,
__,__,__,__,__,__,__,__,__,__
AZ106,__,AZ107,__,__,__,AZ109,AZ109,__,__
__,__,__,__,AZ113,AZ113,__,__,AZ115,AZ115
__,__,__,__,__,__,AZ119,AZ119,AZ120,AZ120
__,__,AZ122,AZ122,AZ123,AZ123,AZ124,AZ124,AZ125,AZ125
AZ126,AZ126,AZ127,AZ127,AZ128,AZ128,AZ129,AZ129,AZ130,AZ130
AZ131,AZ131,AZ132,AZ132,AZ133,AZ133,AZ134,AZ134,AZ135,AZ135
AZ136,__,AZ137,__,AZ138,__,AZ139,AZ139,AZ140,__
AZ141,__,__,__,AZ143,__,AZ144,__,__,__
AZ146,__,AZ147,AZ147,AZ148,AZ148,AZ149,__,AZ150,__


B4,
__,__,__,__,__,__,AZ154,AZ154,AZ155,AZ155
AZ156,__,AZ157,AZ157,AZ158,AZ158,AZ159,__,AZ160,AZ160
__,__,AZ162,AZ162,AZ163,AZ163,AZ164,AZ164,AZ165,AZ165
AZ166,AZ166,AZ167,AZ167,AZ168,AZ168,AZ169,AZ169,AZ170,AZ170
AZ171,AZ171,AZ172,AZ172,AZ173,__,AZ174,__,AZ175,__
AZ176,AZ176,AZ177,AZ177,AZ178,AZ178,AZ179,AZ179,__,__
AZ181,AZ181,AZ182,AZ182,AZ183,AZ183,AZ184,AZ184,AZ185,AZ185
AZ186,AZ186,AZ187,AZ187,AZ188,AZ188,AZ189,AZ189,AZ190,AZ190
__,__,__,__,AZ193,AZ193,__,__,__,__
__,__,__,__,__,__,__,__,AZ200,AZ200


1-1,
__,__,__,__,__,__,__,__,__,__
__,__,__,__,__,__,__,__,__,__
__,__,__,__,__,__,__,__,__,__
__,__,__,__,__,__,__,__,__,__
__,__,__,__,__,__,__,__,__,__
__,__,__,__,__,__,__,__,__,__
__,__,__,__,__,__,AZ34,__,__,__
__,__,AZ37,__,AZ38,__,AZ39,AZ39,__,__
__,__,__,__,AZ43,__,__,__,AZ45,__
AZ46,__,__,__,AZ48,__,AZ49,__,__,__


1-2,
AZ51,__,__,__,AZ53,__,AZ54,__,AZ55,__
AZ56,__,AZ57,__,AZ58,AZ58,__,__,AZ60,__
AZ61,__,AZ62,__,AZ63,__,__,__,AZ65,AZ65
__,__,__,__,__,__,__,__,__,__
__,__,__,__,__,__,AZ74,__,__,__
__,__,__,__,__,__,__,__,__,__
__,__,AZ82,AZ82,__,__,__,__,__,__
AZ86,__,__,__,AZ88,AZ88,__,__,AZ90,__
__,__,__,__,AZ93,__,__,__,AZ95,AZ95
__,__,AZ97,__,__,__,__,__,__,__


1-3,
__,__,__,__,__,__,__,__,__,__
AZ106,__,AZ107,__,__,__,AZ109,__,__,__
__,__,__,__,AZ113,AZ113,__,__,AZ115,__
__,__,__,__,__,__,AZ119,__,AZ120,__
__,__,__,__,AZ123,__,AZ124,__,AZ125,__
AZ126,__,AZ127,__,AZ128,__,AZ129,__,AZ130,__
AZ131,__,AZ132,__,AZ133,__,AZ134,__,AZ135,__
AZ136,__,AZ137,__,AZ138,__,AZ139,AZ139,AZ140,__
AZ141,__,__,__,AZ143,__,AZ144,__,__,__
AZ146,__,AZ147,__,AZ148,AZ148,AZ149,__,AZ150,__


1-4,
__,__,__,__,__,__,AZ154,AZ154,AZ155,AZ155
AZ156,__,AZ157,AZ157,AZ158,__,AZ159,__,AZ160,__
__,__,AZ162,__,AZ163,__,AZ164,__,AZ165,__
AZ166,__,AZ167,__,AZ168,__,AZ169,AZ169,AZ170,__
AZ171,__,AZ172,__,AZ173,__,AZ174,__,AZ175,__
AZ176,__,AZ177,__,AZ178,__,AZ179,__,__,__
AZ181,__,AZ182,__,AZ183,__,AZ184,__,AZ185,__
AZ186,__,AZ187,__,AZ188,__,AZ189,__,AZ190,__
__,__,__,__,AZ193,__,__,__,__,__
__,__,__,__,__,__,__,__,AZ200,__


EyalIBox,
AZ62,AZ62,AZ62,AZ62,AZ62,AZ62,__,__,__,__
AZ113,AZ113,AZ113,AZ163,__,__,__,__,__,__
AZ264,AZ264,AZ264,AZ264,AZ264,AZ258,AZ258,AZ258,AZ258,__
AZ257,AZ257,AZ257,AZ257,AZ257,AZ268,AZ268,AZ268,AZ268,AZ268
AZ262,AZ262,AZ262,AZ262,AZ262,AZ266,AZ266,AZ266,AZ266,AZ266
AZ265,AZ265,AZ265,AZ265,AZ265,AZ261,AZ261,AZ261,AZ261,AZ261
AZ269,AZ269,AZ269,AZ269,AZ269,AZ256,AZ256,AZ256,AZ256,__
AZ263,AZ263,AZ263,AZ263,AZ263,AZ260,AZ260,AZ260,AZ260,AZ260
AZ259,AZ259,AZ259,AZ259,AZ259,AZ267,AZ267,AZ267,AZ267,AZ267
__,__,__,__,__,__,__,__,__,__


Z1,
AZ191,AZ191,AZ225,AZ225,AZ225,AZ225,AZ225,__,__,__
AZ192,AZ192,__,__,__,AZ226,AZ226,AZ226,AZ226,AZ226
AZ197,AZ197,AZ197,AZ197,AZ197,AZ197,__,__,__,__
AZ196,AZ196,AZ196,AZ196,__,__,__,__,__,__
AZ195,AZ195,AZ195,AZ195,AZ195,__,AZ194,__,AZ191,AZ239
AZ194,AZ194,AZ194,AZ194,AZ194,AZ194,AZ194,AZ194,AZ191,AZ239
AZ198,__,__,__,__,__,__,AZ192,AZ191,AZ239
AZ199,AZ199,AZ199,AZ199,__,__,__,AZ192,__,__
AZ202,AZ202,AZ202,AZ202,AZ202,__,__,__,__,__
AZ203,AZ203,AZ203,AZ203,AZ203,AZ203,AZ42,AZ42,AZ42,AZ42


A10,
AZ181,AZ181,__,__,__,AZ182,AZ182,__,__,__
AZ183,AZ183,__,__,__,AZ184,AZ184,__,__,__
AZ185,AZ185,__,__,__,AZ186,AZ186,__,__,__
AZ187,AZ187,__,__,__,AZ188,AZ188,__,__,__
AZ189,AZ189,__,__,__,AZ190,AZ190,__,__,__
__,__,__,__,__,__,__,__,__,__
AZ193,AZ193,__,__,__,__,__,__,__,__
__,__,__,__,__,__,__,__,__,__
__,__,__,__,__,__,__,__,__,__
__,__,__,__,__,AZ200,AZ200,__,__,__


A11,
AZ201,AZ201,__,__,__,__,__,__,__,__
__,__,__,__,__,AZ204,AZ204,__,__,__
AZ205,AZ205,__,__,__,AZ206,AZ206,__,__,__
AZ207,AZ207,__,__,__,__,__,__,__,__
AZ209,AZ209,AZ209,AZ209,AZ209,AZ210,AZ210,__,__,__
AZ211,AZ211,__,__,__,AZ212,AZ212,__,__,__
AZ213,AZ213,__,__,__,AZ214,AZ214,__,__,__
AZ215,AZ215,__,__,__,AZ216,AZ216,__,__,__
AZ217,AZ217,__,__,__,AZ218,AZ218,__,__,__
AZ219,AZ219,__,__,__,AZ220,AZ220,__,__,__


A12,
AZ221,AZ221,__,__,__,__,AZ222,__,__,__
AZ223,AZ223,__,__,__,AZ224,AZ224,__,__,__
__,__,__,__,__,__,__,__,__,__
__,__,__,__,__,__,__,__,__,__
__,__,__,__,__,__,__,__,__,__
__,__,__,__,__,__,__,__,__,__
__,__,__,__,__,__,__,__,__,__
__,__,__,__,__,__,__,__,__,__
__,__,__,__,__,__,__,__,__,__
__,__,__,__,__,__,__,__,__,__


A13,
__,__,__,__,__,__,__,__,__,__
__,__,__,__,__,__,__,__,__,__
__,__,__,__,__,__,__,__,__,__
__,__,__,__,__,__,__,__,__,__
__,__,__,__,__,__,__,__,__,__
__,__,__,__,__,__,__,__,__,__
__,__,__,__,__,__,__,__,__,__
__,__,__,__,__,__,__,__,__,__
__,__,__,__,__,__,__,__,__,__
__,__,__,__,__,__,__,__,__,__


B5,
AZ201,AZ201,__,__,__,__,AZ204,AZ204,AZ205,AZ205
AZ206,AZ206,AZ207,AZ207,__,__,AZ209,AZ209,AZ210,AZ210
AZ211,AZ211,AZ212,AZ212,AZ213,AZ213,AZ214,AZ214,AZ215,AZ215
AZ216,AZ216,AZ217,AZ217,AZ218,AZ218,AZ219,AZ219,AZ220,AZ220
AZ221,AZ221,AZ222,AZ222,AZ223,AZ223,AZ224,AZ224,__,__
__,__,__,__,__,__,__,__,__,__
__,__,__,__,__,__,__,__,__,__
__,__,__,__,__,__,__,__,__,__
__,__,__,__,__,__,__,__,__,__
__,__,__,__,__,__,__,__,__,__


B6,
__,__,__,__,__,__,__,__,__,__
__,__,__,__,__,__,__,__,__,__
__,__,__,__,__,__,__,__,__,__
__,__,__,__,__,__,__,__,__,__
__,__,__,__,__,__,__,__,__,__
__,__,__,__,__,__,__,__,__,__
__,__,__,__,__,__,__,__,__,__
__,__,__,__,__,__,__,__,__,__
__,__,__,__,__,__,__,__,__,__
__,__,__,__,__,__,__,__,__,__


1-5,
AZ201,__,__,__,__,__,AZ204,__,AZ205,__
AZ206,__,AZ207,__,__,__,AZ209,AZ209,AZ210,__
AZ211,__,AZ212,__,AZ213,__,AZ214,__,AZ215,__
AZ216,__,AZ217,__,AZ218,__,AZ219,__,AZ220,__
AZ221,__,AZ222,__,AZ223,__,AZ224,__,__,__
__,__,__,__,__,__,__,__,__,__
__,__,__,__,__,__,__,__,__,__
__,__,__,__,__,__,__,__,__,__
__,__,__,__,__,__,__,__,__,__
__,__,__,__,__,__,__,__,__,__


1-6,
__,__,__,__,__,__,__,__,__,__
__,__,__,__,__,__,__,__,__,__
__,__,__,__,__,__,__,__,__,__
__,__,__,__,__,__,__,__,__,__
__,__,__,__,__,__,__,__,__,__
__,__,__,__,__,__,__,__,__,__
__,__,__,__,__,__,__,__,__,__
__,__,__,__,__,__,__,__,__,__
__,__,__,__,__,__,__,__,__,__
__,__,__,__,__,__,__,__,__,__


Z2,
__,__,__,__,__,__,__,__,__,__
__,__,__,__,__,__,__,__,__,__
__,__,__,__,__,__,__,__,__,__
__,__,__,__,__,__,__,__,__,__
__,__,__,__,__,__,__,__,__,__
__,__,__,__,__,__,__,__,__,__
__,__,__,__,__,__,__,__,__,__
__,__,__,__,__,__,__,__,__,__
__,__,__,__,__,__,__,__,__,__
__,__,__,__,__,__,__,__,__,__


